-- Inserts de las Comunidades Autónomas, ignora si se produce un error en la insercción
INSERT IGNORE INTO regions (code, name) VALUES
('01', 'ANDALUCÍA'),
('02', 'ARAGÓN'),
('03', 'ASTURIAS'),
('04', 'BALEARES'),
('05', 'CANARIAS'),
('06', 'CANTABRIA'),
('07', 'CASTILLA Y LEÓN'),
('08', 'CASTILLA-LA MANCHA'),
('09', 'CATALUÑA'),
('10', 'COMUNIDAD VALENCIANA'),
('11', 'EXTREMADURA'),
('12', 'GALICIA'),
('13', 'MADRID'),
('14', 'MURCIA'),
('15', 'NAVARRA'),
('16', 'PAÍS VASCO'),
('17', 'LA RIOJA'),
('18', 'CEUTA Y MELILLA');


-- Insertar datos de las provincias españolas con los códigos correctos
INSERT IGNORE INTO provinces (code, name, region_id) VALUES
('01', 'Araba/Álava', 16),
('02', 'Albacete', 8),
('03', 'Alicante/Alacant', 10),
('04', 'Almería', 1),
('05', 'Ávila', 7),
('06', 'Badajoz', 11),
('07', 'Balears, Illes', 4),
('08', 'Barcelona', 9),
('09', 'Burgos', 7),
('10', 'Cáceres', 11),
('11', 'Cádiz', 1),
('12', 'Castellón/Castelló', 10),
('13', 'Ciudad Real', 8),
('14', 'Córdoba', 1),
('15', 'Coruña, A', 12),
('16', 'Cuenca', 8),
('17', 'Girona', 9),
('18', 'Granada', 1),
('19', 'Guadalajara', 8),
('20', 'Gipuzkoa', 16),
('21', 'Huelva', 1),
('22', 'Huesca', 2),
('23', 'Jaén', 1),
('24', 'León', 7),
('25', 'Lleida', 9),
('26', 'Rioja, La', 17),
('27', 'Lugo', 12),
('28', 'Madrid', 13),
('29', 'Málaga', 1),
('30', 'Murcia', 14),
('31', 'Navarra', 15),
('32', 'Ourense', 12),
('33', 'Asturias', 3),
('34', 'Palencia', 7),
('35', 'Palmas, Las', 5),
('36', 'Pontevedra', 12),
('37', 'Salamanca', 7),
('38', 'Santa Cruz de Tenerife', 5),
('39', 'Cantabria', 6),
('40', 'Segovia', 7),
('41', 'Sevilla', 1),
('42', 'Soria', 7),
('43', 'Tarragona', 9),
('44', 'Teruel', 2),
('45', 'Toledo', 8),
('46', 'Valencia/València', 10),
('47', 'Valladolid', 7),
('48', 'Bizkaia', 16),
('49', 'Zamora', 7),
('50', 'Zaragoza', 2),
('51', 'Ceuta', 18),
('52', 'Melilla', 18);

-- Insertar algunos supermercados en la tabla 'supermarket'
INSERT IGNORE INTO supermarkets (id, name) VALUES
(1, 'Mercadona'),
(2, 'Lidl');

-- Insertar algunas ubicaciones en la tabla 'location'
INSERT IGNORE INTO locations (id, address, city, supermarket_id, province_id) VALUES
(1, 'CTRA, Camino de Tomares', 'Castilleja de la Cuesta', 1, 41),
(2, 'Av. Canal Sur, s/n', 'Tomares', 1, 41),
(3, 'Avenida de Bormujos', 'Bormujos', 2, 41);

-- Insertar algunas categorias en la tabla 'categories'
INSERT IGNORE INTO categories (id, name, image, parent_id) VALUES
(1, 'Electrónica', NULL, NULL),
(2, 'Ropa', NULL, NULL),
(3, 'Hogar y Cocina', NULL, NULL),
(4, 'Smartphones', NULL, 1),
(5, 'Portátiles', NULL, 1),
(6, 'Televisores', NULL, 1),
(7, 'Ropa de Hombre', NULL, 2),
(8, 'Ropa de Mujer', NULL, 2),
(9, 'Ropa Infantil', NULL, 2),
(10, 'Muebles', NULL, 3),
(11, 'Electrodomésticos de Cocina', NULL, 3),
(12, 'Decoración', NULL, 3);

-- Insertar datos de ejemplo para 'products'
INSERT IGNORE INTO products (id, name, category_id, price) VALUES
(1, 'iPhone 14', 4, 999.99),
(2, 'MacBook Pro', 5, 1999.99),
(3, 'Samsung Smart TV', 6, 499.99),
(4, 'Camiseta Hombre', 7, 19.99),
(5, 'Lavadora LG', 11, 299.99);

-- Insertar datos de ejemplo para 'tickets'
INSERT IGNORE INTO tickets (id, date, discount, location_id) VALUES
(1, '2024-10-01', 5.0, 1),
(2, '2024-10-02', 10.0, 2),
(3, '2024-10-03', 0.0, 3);

-- Insertar datos de ejemplo para 'product_ticket'
INSERT IGNORE INTO product_ticket (product_id, ticket_id) VALUES
(1, 1),
(2, 2),
(3, 3),
(4, 1),
(5, 2);

-- Insertar datos de ejemplo para 'roles'
INSERT IGNORE INTO roles (id, name) VALUES
(1, 'ROLE_ADMIN'),
(2, 'ROLE_MANAGER'),
(3, 'ROLE_USER');

-- Insertar datos de ejemplo para 'users'. La contraseña de cada usuario es password
INSERT IGNORE INTO users (id, username, password, enabled, first_name,
last_name, image, created_date, last_modified_date, last_password_change_date)
VALUES
(1, 'admin', '$2b$12$FVRijCavVZ7Qt15.CQssHe9m/6eLAdjAv0PiOKFIjMU161wApxzye',
true, 'Admin', 'User', '/images/admin.jpg', NOW(), NOW(), NOW()),
(2, 'manager', '$2b$12$FVRijCavVZ7Qt15.CQssHe9m/6eLAdjAv0PiOKFIjMU161wApxzye',
true, 'Manager', 'User', '/images/manager.jpg', NOW(), NOW(), NOW()),
(3, 'normal', '$2b$12$FVRijCavVZ7Qt15.CQssHe9m/6eLAdjAv0PiOKFIjMU161wApxzye',
true, 'Regular', 'User', '/images/user.jpg', NOW(), NOW(), NOW());

-- Asignar el rol de administrador al usuario con id 1
INSERT IGNORE INTO user_roles (user_id, role_id) VALUES
(1, 1);
-- Asignar el rol de gestor al usuario con id 2
INSERT IGNORE INTO user_roles (user_id, role_id) VALUES
(2, 2);
-- Asignar el rol de usuario normal al usuario con id 3
INSERT IGNORE INTO user_roles (user_id, role_id) VALUES
(3, 3);

